name,value
list_freq_daily_line_chart,"[[{'x': '2025-03-25', 'y': 0}, {'x': '2025-03-26', 'y': 0}, {'x': '2025-03-27', 'y': 2}, {'x': '2025-03-28', 'y': 1}, {'x': '2025-03-29', 'y': 0}, {'x': '2025-03-30', 'y': 0}, {'x': '2025-03-31', 'y': 2}, {'x': '2025-04-01', 'y': 2}, {'x': '2025-04-02', 'y': 3}, {'x': '2025-04-03', 'y': 0}, {'x': '2025-04-04', 'y': 3}, {'x': '2025-04-05', 'y': 6}, {'x': '2025-04-06', 'y': 8}, {'x': '2025-04-07', 'y': 10}, {'x': '2025-04-08', 'y': 14}, {'x': '2025-04-09', 'y': 10}, {'x': '2025-04-10', 'y': 15}, {'x': '2025-04-11', 'y': 10}, {'x': '2025-04-12', 'y': 9}, {'x': '2025-04-13', 'y': 14}, {'x': '2025-04-14', 'y': 6}, {'x': '2025-04-15', 'y': 14}, {'x': '2025-04-16', 'y': 15}, {'x': '2025-04-17', 'y': 7}, {'x': '2025-04-18', 'y': 4}, {'x': '2025-04-19', 'y': 0}, {'x': '2025-04-20', 'y': 6}, {'x': '2025-04-21', 'y': 66}, {'x': '2025-04-22', 'y': 135}, {'x': '2025-04-23', 'y': 50}, {'x': '2025-04-24', 'y': 17}, {'x': '2025-04-25', 'y': 18}, {'x': '2025-04-26', 'y': 14}, {'x': '2025-04-27', 'y': 93}, {'x': '2025-04-28', 'y': 95}, {'x': '2025-04-29', 'y': 98}], [{'x': '2025-03-25', 'y': 0}, {'x': '2025-03-26', 'y': 0}, {'x': '2025-03-27', 'y': 0}, {'x': '2025-03-28', 'y': 1}, {'x': '2025-03-29', 'y': 0}, {'x': '2025-03-30', 'y': 1}, {'x': '2025-03-31', 'y': 1}, {'x': '2025-04-01', 'y': 1}, {'x': '2025-04-02', 'y': 3}, {'x': '2025-04-03', 'y': 1}, {'x': '2025-04-04', 'y': 0}, {'x': '2025-04-05', 'y': 1}, {'x': '2025-04-06', 'y': 2}, {'x': '2025-04-07', 'y': 10}, {'x': '2025-04-08', 'y': 0}, {'x': '2025-04-09', 'y': 16}, {'x': '2025-04-10', 'y': 24}, {'x': '2025-04-11', 'y': 24}, {'x': '2025-04-12', 'y': 6}, {'x': '2025-04-13', 'y': 14}, {'x': '2025-04-14', 'y': 18}, {'x': '2025-04-15', 'y': 34}, {'x': '2025-04-16', 'y': 9}, {'x': '2025-04-17', 'y': 7}, {'x': '2025-04-18', 'y': 1}, {'x': '2025-04-19', 'y': 3}, {'x': '2025-04-20', 'y': 12}, {'x': '2025-04-21', 'y': 16}, {'x': '2025-04-22', 'y': 31}, {'x': '2025-04-23', 'y': 17}, {'x': '2025-04-24', 'y': 6}, {'x': '2025-04-25', 'y': 9}, {'x': '2025-04-26', 'y': 29}, {'x': '2025-04-27', 'y': 98}, {'x': '2025-04-28', 'y': 89}, {'x': '2025-04-29', 'y': 49}], [{'x': '2025-03-25', 'y': 3}, {'x': '2025-03-26', 'y': 0}, {'x': '2025-03-27', 'y': 0}, {'x': '2025-03-28', 'y': 0}, {'x': '2025-03-29', 'y': 0}, {'x': '2025-03-30', 'y': 0}, {'x': '2025-03-31', 'y': 1}, {'x': '2025-04-01', 'y': 0}, {'x': '2025-04-02', 'y': 2}, {'x': '2025-04-03', 'y': 0}, {'x': '2025-04-04', 'y': 1}, {'x': '2025-04-05', 'y': 12}, {'x': '2025-04-06', 'y': 4}, {'x': '2025-04-07', 'y': 8}, {'x': '2025-04-08', 'y': 6}, {'x': '2025-04-09', 'y': 8}, {'x': '2025-04-10', 'y': 8}, {'x': '2025-04-11', 'y': 10}, {'x': '2025-04-12', 'y': 15}, {'x': '2025-04-13', 'y': 28}, {'x': '2025-04-14', 'y': 11}, {'x': '2025-04-15', 'y': 12}, {'x': '2025-04-16', 'y': 2}, {'x': '2025-04-17', 'y': 5}, {'x': '2025-04-18', 'y': 3}, {'x': '2025-04-19', 'y': 8}, {'x': '2025-04-20', 'y': 38}, {'x': '2025-04-21', 'y': 26}, {'x': '2025-04-22', 'y': 7}, {'x': '2025-04-23', 'y': 14}, {'x': '2025-04-24', 'y': 7}, {'x': '2025-04-25', 'y': 7}, {'x': '2025-04-26', 'y': 20}, {'x': '2025-04-27', 'y': 47}, {'x': '2025-04-28', 'y': 38}, {'x': '2025-04-29', 'y': 31}]]"
list_pkNames,"['台北', '台中', '高雄']"
list_colors,"['rgba(0,128,0,0.2)', 'rgba(0,255,255,0.2)', 'rgba(0,0,255,0.2)']"
list_photos,"['https://dailyview.tw/_next/image?url=https%3A%2F%2F2024-dailyview.s3.ap-northeast-1.amazonaws.com%2Fshared_image%2F2024%2F8%2F7624fe106109b2f17adb1956772da897ac08d4ed6fcdb4503704462fe4dfad57.webp&w=1920&q=75', 'https://suntarealty.com/wp-content/uploads/2021/04/160824-4026-1-sNH0R.jpg', 'https://encrypted-tbn0.gstatic.com/images?q=tbn:ANd9GcQ-S4VJwQDJqXOMOsdcGEWJQCEjgr8KcSG48g&s']"
list_freq_news_category,"[[747, 288, 45, 68, 42, 47, 23, 76, 158], [533, 199, 30, 76, 62, 52, 10, 53, 51], [382, 157, 26, 42, 46, 38, 11, 37, 25]]"
list_category,"['全部', '意外事故', '突發事故', '車禍事故', '國道車禍', '重大車禍事故', '旅遊事故', '工安意外', '北市事故']"
list_sentiInfo,"[[34, 20, 45], [24, 22, 54], [30, 23, 47]]"
list_total_articles,"[747, 533, 382]"
list_total_frequency,"[2544, 1482, 891]"
